FIPS,Geographic Name,Geographic Subtype,Total Vote,Democratic,Republican,Independent,Libertarian,Constitution,Green,Liberty Union,Write-ins,Ind. American,State1,State2,State3,
fips,name,type,totalvote,vote1,vote2,vote3,vote4,vote5,vote6,vote7,vote8,vote9,vote10,vote11,vote12,vote13
10001,Kent,County,85415,44352,39332,1115,616,0,0,0,0,0,0,0,0,0
10003,New Castle,County,280039,191678,82545,3785,2031,0,0,0,0,0,0,0,0,0
10005,Sussex,County,127181,56873,68435,1250,623,0,0,0,0,0,0,0,0,0
18001,Adams,County,14154,2143,9441,0,2570,0,0,0,0,0,0,0,0,0
18003,Allen,County,168312,53895,98406,0,16011,0,0,0,0,0,0,0,0,0
18005,Bartholomew,County,36037,9013,21959,0,5065,0,0,0,0,0,0,0,0,0
18007,Benton,County,4100,671,2815,0,614,0,0,0,0,0,0,0,0,0
18009,Blackford,County,5283,933,3333,0,1017,0,0,0,0,0,0,0,0,0
18011,Boone,County,38492,9661,23737,0,5094,0,0,0,0,0,0,0,0,0
18013,Brown,County,8957,2381,4953,0,1623,0,0,0,0,0,0,0,0,0
18015,Carroll,County,9510,1569,6077,0,1864,0,0,0,0,0,0,0,0,0
18017,Cass,County,15146,3373,8833,0,2940,0,0,0,0,0,0,0,0,0
18019,Clark,County,57426,19077,34669,0,3680,0,0,0,0,0,0,0,0,0
18021,Clay,County,12186,1780,8164,0,2242,0,0,0,0,0,0,0,0,0
18023,Clinton,County,12891,2406,7971,0,2514,0,0,0,0,0,0,0,0,0
18025,Crawford,County,4859,1242,3064,0,553,0,0,0,0,0,0,0,0,0
18027,Daviess,County,11860,1531,8313,0,2016,0,0,0,0,0,0,0,0,0
18029,Dearborn,County,25295,4559,18353,0,2383,0,0,0,0,0,0,0,0,0
18031,Decatur,County,12260,1562,7911,0,2787,0,0,0,0,0,0,0,0,0
18033,DeKalb,County,19493,3293,13042,0,3158,0,0,0,0,0,0,0,0,0
18035,Delaware,County,47949,15638,26829,0,5482,0,0,0,0,0,0,0,0,0
18037,Dubois,County,21588,4586,14403,0,2599,0,0,0,0,0,0,0,0,0
18039,Elkhart,County,74425,20512,46223,0,7690,0,0,0,0,0,0,0,0,0
18041,Fayette,County,10054,1707,6933,0,1414,0,0,0,0,0,0,0,0,0
18043,Floyd,County,41589,14948,24972,0,1669,0,0,0,0,0,0,0,0,0
18045,Fountain,County,7952,1150,5189,0,1613,0,0,0,0,0,0,0,0,0
18047,Franklin,County,11822,1690,8633,0,1499,0,0,0,0,0,0,0,0,0
18049,Fulton,County,9123,1603,5436,0,2084,0,0,0,0,0,0,0,0,0
18051,Gibson,County,16130,2990,11607,0,1533,0,0,0,0,0,0,0,0,0
18053,Grant,County,27021,5849,16847,0,4325,0,0,0,0,0,0,0,0,0
18055,Greene,County,14694,2511,9579,0,2604,0,0,0,0,0,0,0,0,0
18057,Hamilton,County,193584,58714,117749,0,17121,0,0,0,0,0,0,0,0,0
18059,Hancock,County,42809,8538,25647,0,8624,0,0,0,0,0,0,0,0,0
18061,Harrison,County,20199,4514,14083,0,1602,0,0,0,0,0,0,0,0,0
18063,Hendricks,County,88122,23179,50697,0,14246,0,0,0,0,0,0,0,0,0
18065,Henry,County,21061,4128,12491,0,4442,0,0,0,0,0,0,0,0,0
18067,Howard,County,40547,9871,24359,0,6317,0,0,0,0,0,0,0,0,0
18069,Huntington,County,17731,2804,11759,0,3168,0,0,0,0,0,0,0,0,0
18071,Jackson,County,19136,3234,11714,0,4188,0,0,0,0,0,0,0,0,0
18073,Jasper,County,15371,2904,10378,0,2089,0,0,0,0,0,0,0,0,0
18075,Jay,County,8405,1240,5227,0,1938,0,0,0,0,0,0,0,0,0
18077,Jefferson,County,14537,3711,9076,0,1750,0,0,0,0,0,0,0,0,0
18079,Jennings,County,12153,1930,7547,0,2676,0,0,0,0,0,0,0,0,0
18081,Johnson,County,77274,17630,47467,0,12177,0,0,0,0,0,0,0,0,0
18083,Knox,County,15840,2809,11210,0,1821,0,0,0,0,0,0,0,0,0
18085,Kosciusko,County,35658,5784,23029,0,6845,0,0,0,0,0,0,0,0,0
18087,LaGrange,County,10575,1690,7520,0,1365,0,0,0,0,0,0,0,0,0
18089,Lake,County,217232,112352,94841,0,10039,0,0,0,0,0,0,0,0,0
18091,LaPorte,County,48618,18133,26129,0,4356,0,0,0,0,0,0,0,0,0
18093,Lawrence,County,20868,3616,13371,0,3881,0,0,0,0,0,0,0,0,0
18095,Madison,County,51806,14254,29434,0,8118,0,0,0,0,0,0,0,0,0
18097,Marion,County,390854,203475,152405,0,34974,0,0,0,0,0,0,0,0,0
18099,Marshall,County,19804,4025,13145,0,2634,0,0,0,0,0,0,0,0,0
18101,Martin,County,5118,709,3232,0,1177,0,0,0,0,0,0,0,0,0
18103,Miami,County,14361,2439,9208,0,2714,0,0,0,0,0,0,0,0,0
18105,Monroe,County,62523,33033,24605,0,4885,0,0,0,0,0,0,0,0,0
18107,Montgomery,County,17184,2812,10587,0,3785,0,0,0,0,0,0,0,0,0
18109,Morgan,County,35947,5602,22161,0,8184,0,0,0,0,0,0,0,0,0
18111,Newton,County,6556,1148,4358,0,1050,0,0,0,0,0,0,0,0,0
18113,Noble,County,19088,3237,12498,0,3353,0,0,0,0,0,0,0,0,0
18115,Ohio,County,3186,641,2210,0,335,0,0,0,0,0,0,0,0,0
18117,Orange,County,8759,1952,5591,0,1216,0,0,0,0,0,0,0,0,0
18119,Owen,County,9846,1852,5857,0,2137,0,0,0,0,0,0,0,0,0
18121,Parke,County,6972,1127,4766,0,1079,0,0,0,0,0,0,0,0,0
18123,Perry,County,8648,2518,5523,0,607,0,0,0,0,0,0,0,0,0
18125,Pike,County,6141,1092,4199,0,850,0,0,0,0,0,0,0,0,0
18127,Porter,County,86524,33397,45996,0,7131,0,0,0,0,0,0,0,0,0
18129,Posey,County,13230,2773,9648,0,809,0,0,0,0,0,0,0,0,0
18131,Pulaski,County,5768,1019,3874,0,875,0,0,0,0,0,0,0,0,0
18133,Putnam,County,16520,2876,9375,0,4269,0,0,0,0,0,0,0,0,0
18135,Randolph,County,10994,1863,7399,0,1732,0,0,0,0,0,0,0,0,0
18137,Ripley,County,14207,2231,9518,0,2458,0,0,0,0,0,0,0,0,0
18139,Rush,County,7880,1215,4949,0,1716,0,0,0,0,0,0,0,0,0
18141,St. Joseph,County,114693,48610,60696,0,5387,0,0,0,0,0,0,0,0,0
18143,Scott,County,9975,2297,6065,0,1613,0,0,0,0,0,0,0,0,0
18145,Shelby,County,19867,3499,12269,0,4099,0,0,0,0,0,0,0,0,0
18147,Spencer,County,10659,2461,7272,0,926,0,0,0,0,0,0,0,0,0
18149,Starke,County,10183,2026,6730,0,1427,0,0,0,0,0,0,0,0,0
18151,Steuben,County,16085,2939,11407,0,1739,0,0,0,0,0,0,0,0,0
18153,Sullivan,County,8916,1550,6009,0,1357,0,0,0,0,0,0,0,0,0
18155,Switzerland,County,4080,822,2846,0,412,0,0,0,0,0,0,0,0,0
18157,Tippecanoe,County,71215,26179,37979,0,7057,0,0,0,0,0,0,0,0,0
18159,Tipton,County,8076,1200,5169,0,1707,0,0,0,0,0,0,0,0,0
18161,Union,County,3459,603,2533,0,323,0,0,0,0,0,0,0,0,0
18163,Vanderburgh,County,77390,27242,46490,0,3658,0,0,0,0,0,0,0,0,0
18165,Vermillion,County,7386,1531,4938,0,917,0,0,0,0,0,0,0,0,0
18167,Vigo,County,43335,13999,25917,0,3419,0,0,0,0,0,0,0,0,0
18169,Wabash,County,14511,2421,9111,0,2979,0,0,0,0,0,0,0,0,0
18171,Warren,County,4458,672,3009,0,777,0,0,0,0,0,0,0,0,0
18173,Warrick,County,33524,9074,22703,0,1747,0,0,0,0,0,0,0,0,0
18175,Washington,County,12073,2408,7919,0,1746,0,0,0,0,0,0,0,0,0
18177,Wayne,County,27620,7534,16914,0,3172,0,0,0,0,0,0,0,0,0
18179,Wells,County,14050,1967,9371,0,2712,0,0,0,0,0,0,0,0,0
18181,White,County,11138,1978,7334,0,1826,0,0,0,0,0,0,0,0,0
18183,Whitley,County,17451,2738,11522,0,3191,0,0,0,0,0,0,0,0,0
29001,Adair,County,10318,3546,6597,0,131,0,44,0,0,0,0,0,0,0
29003,Andrew,County,9733,2356,7195,0,140,0,42,0,0,0,0,0,0,0
29005,Atchison,County,2770,533,2171,0,51,0,15,0,0,0,0,0,0,0
29007,Audrain,County,10608,2663,7643,0,232,0,70,0,0,0,0,0,0,0
29009,Barry,County,15528,2841,12356,0,242,0,88,0,0,0,0,1,0,0
29011,Barton,County,6032,816,5114,0,69,0,33,0,0,0,0,0,0,0
29013,Bates,County,8357,1762,6410,0,134,0,51,0,0,0,0,0,0,0
29015,Benton,County,10433,2179,8017,0,181,0,56,0,0,0,0,0,0,0
29017,Bollinger,County,5948,773,5063,0,91,0,21,0,0,0,0,0,0,0
29019,Boone,County,90705,48056,40478,0,1711,0,460,0,0,0,0,0,0,0
29021,Buchanan,County,36394,13225,22147,0,719,0,303,0,0,0,0,0,0,0
29023,Butler,County,18004,3349,14337,0,257,0,61,0,0,0,0,0,0,0
29025,Caldwell,County,4650,916,3603,0,98,0,33,0,0,0,0,0,0,0
29027,Callaway,County,21101,5611,14950,0,461,0,79,0,0,0,0,0,0,0
29029,Camden,County,24728,5461,18837,0,326,0,104,0,0,0,0,0,0,0
29031,Cape Girardeau,County,40161,10272,29127,0,630,0,132,0,0,0,0,0,0,0
29033,Carroll,County,4498,770,3671,0,44,0,13,0,0,0,0,0,0,0
29035,Carter,County,2861,401,2412,0,38,0,10,0,0,0,0,0,0,0
29037,Cass,County,57142,18770,37025,0,1028,0,319,0,0,0,0,0,0,0
29039,Cedar,County,7029,1104,5771,0,124,0,30,0,0,0,0,0,0,0
29041,Chariton,County,4072,910,3100,0,57,0,5,0,0,0,0,0,0,0
29043,Christian,County,46660,10863,34827,0,804,0,166,0,0,0,0,0,0,0
29045,Clark,County,3372,648,2667,0,36,0,21,0,0,0,0,0,0,0
29047,Clay,County,125878,58224,64682,0,2287,0,685,0,0,0,0,0,0,0
29049,Clinton,County,10824,3001,7518,0,213,0,92,0,0,0,0,0,0,0
29051,Cole,County,39573,11726,26886,0,796,0,165,0,0,0,0,0,0,0
29053,Cooper,County,8666,2162,6224,0,234,0,46,0,0,0,0,0,0,0
29055,Crawford,County,10932,2230,8480,0,176,0,46,0,0,0,0,0,0,0
29057,Dade,County,4105,668,3348,0,67,0,22,0,0,0,0,0,0,0
29059,Dallas,County,8095,1294,6646,0,114,0,41,0,0,0,0,0,0,0
29061,Daviess,County,3880,783,2997,0,77,0,23,0,0,0,0,0,0,0
29063,DeKalb,County,4816,930,3763,0,93,0,30,0,0,0,0,0,0,0
29065,Dent,County,7113,1141,5768,0,170,0,34,0,0,0,0,0,0,0
29067,Douglas,County,6971,1046,5773,0,118,0,34,0,0,0,0,0,0,0
29069,Dunklin,County,10309,2281,7880,0,118,0,30,0,0,0,0,0,0,0
29071,Franklin,County,53370,14957,37136,0,926,0,351,0,0,0,0,0,0,0
29073,Gasconade,County,7870,1537,6192,0,112,0,29,0,0,0,0,0,0,0
29075,Gentry,County,3220,631,2539,0,42,0,8,0,0,0,0,0,0,0
29077,Greene,County,141624,53519,84582,0,2855,0,668,0,0,0,0,0,0,0
29079,Grundy,County,4426,821,3537,0,53,0,15,0,0,0,0,0,0,0
29081,Harrison,County,3800,602,3139,0,47,0,12,0,0,0,0,0,0,0
29083,Henry,County,10714,2574,7928,0,155,0,57,0,0,0,0,0,0,0
29085,Hickory,County,5063,929,4037,0,66,0,31,0,0,0,0,0,0,0
29087,Holt,County,2333,361,1928,0,34,0,10,0,0,0,0,0,0,0
29089,Howard,County,5066,1387,3525,0,118,0,36,0,0,0,0,0,0,0
29091,Howell,County,18528,3210,14947,0,287,0,84,0,0,0,0,0,0,0
29093,Iron,County,4531,1105,3266,0,116,0,44,0,0,0,0,0,0,0
29095,Jackson,County,331359,194273,128938,0,5540,0,2606,0,0,2,0,0,0,0
29097,Jasper,County,52161,13204,37714,0,956,0,286,0,0,0,1,0,0,0
29099,Jefferson,County,115694,38866,73942,0,2105,0,781,0,0,0,0,0,0,0
29101,Johnson,County,23027,6895,15321,0,643,0,168,0,0,0,0,0,0,0
29103,Knox,County,1834,294,1516,0,20,0,4,0,0,0,0,0,0,0
29105,Laclede,County,16770,2747,13681,0,260,0,82,0,0,0,0,0,0,0
29107,Lafayette,County,17033,4451,12238,0,274,0,70,0,0,0,0,0,0,0
29109,Lawrence,County,17813,3185,14176,0,347,0,105,0,0,0,0,0,0,0
29111,Lewis,County,4568,880,3638,0,31,0,19,0,0,0,0,0,0,0
29113,Lincoln,County,28905,7116,21014,0,604,0,171,0,0,0,0,0,0,0
29115,Linn,County,5691,1308,4275,0,83,0,25,0,0,0,0,0,0,0
29117,Livingston,County,6709,1332,5258,0,89,0,30,0,0,0,0,0,0,0
29119,McDonald,County,8967,1438,7325,0,166,0,38,0,0,0,0,0,0,0
29121,Macon,County,7797,1575,6096,0,101,0,25,0,0,0,0,0,0,0
29123,Madison,County,5658,1126,4362,0,144,0,26,0,0,0,0,0,0,0
29125,Maries,County,4772,815,3875,0,71,0,11,0,0,0,0,0,0,0
29127,Marion,County,13282,3015,10082,0,144,0,41,0,0,0,0,0,0,0
29129,Mercer,County,1765,204,1533,0,21,0,7,0,0,0,0,0,0,0
29131,Miller,County,12326,1888,10213,0,165,0,60,0,0,0,0,0,0,0
29133,Mississippi,County,4695,1106,3521,0,45,0,23,0,0,0,0,0,0,0
29135,Moniteau,County,7152,1237,5784,0,113,0,18,0,0,0,0,0,0,0
29137,Monroe,County,4438,900,3472,0,51,0,15,0,0,0,0,0,0,0
29139,Montgomery,County,5749,1239,4416,0,70,0,24,0,0,0,0,0,0,0
29141,Morgan,County,9456,1880,7372,0,139,0,65,0,0,0,0,0,0,0
29143,New Madrid,County,7176,1723,5338,0,89,0,26,0,0,0,0,0,0,0
29145,Newton,County,28285,5692,22031,0,457,0,104,0,0,0,0,1,0,0
29147,Nodaway,County,9846,2759,6900,0,146,0,40,0,0,1,0,0,0,0
29149,Oregon,County,4688,840,3770,0,60,0,18,0,0,0,0,0,0,0
29151,Osage,County,7534,927,6512,0,73,0,22,0,0,0,0,0,0,0
29153,Ozark,County,4818,769,3963,0,61,0,25,0,0,0,0,0,0,0
29155,Pemiscot,County,5599,1490,4030,0,56,0,23,0,0,0,0,0,0,0
29157,Perry,County,9361,1630,7595,0,105,0,31,0,0,0,0,0,0,0
29159,Pettis,County,18991,4876,13645,0,339,0,131,0,0,0,0,0,0,0
29161,Phelps,County,19511,5621,13408,0,405,0,76,0,0,0,0,1,0,0
29163,Pike,County,7664,1810,5727,0,101,0,26,0,0,0,0,0,0,0
29165,Platte,County,57131,26293,29616,0,971,0,251,0,0,0,0,0,0,0
29167,Polk,County,15072,2475,12319,0,237,0,41,0,0,0,0,0,0,0
29169,Pulaski,County,14265,3599,10261,0,308,0,97,0,0,0,0,0,0,0
29171,Putnam,County,2330,323,1984,0,15,0,8,0,0,0,0,0,0,0
29173,Ralls,County,5633,1216,4351,0,57,0,9,0,0,0,0,0,0,0
29175,Randolph,County,10702,2532,7842,0,247,0,81,0,0,0,0,0,0,0
29177,Ray,County,11553,3279,7964,0,221,0,89,0,0,0,0,0,0,0
29179,Reynolds,County,3218,633,2501,0,66,0,18,0,0,0,0,0,0,0
29181,Ripley,County,5642,899,4629,0,90,0,24,0,0,0,0,0,0,0
29183,St. Charles,County,220614,87888,128230,0,3469,0,1026,0,0,1,0,0,0,0
29185,St. Clair,County,4974,995,3880,0,70,0,29,0,0,0,0,0,0,0
29186,Ste. Genevieve,County,9373,3011,6180,0,137,0,45,0,0,0,0,0,0,0
29187,St. Francois,County,27763,7682,19258,0,614,0,209,0,0,0,0,0,0,0
29189,St. Louis,County,535279,317327,207535,0,7009,0,3404,0,0,0,4,0,0,0
29195,Saline,County,9494,2832,6443,0,161,0,58,0,0,0,0,0,0,0
29197,Schuyler,County,1976,360,1577,0,30,0,9,0,0,0,0,0,0,0
29199,Scotland,County,1955,342,1584,0,23,0,6,0,0,0,0,0,0,0
29201,Scott,County,17623,3794,13535,0,222,0,72,0,0,0,0,0,0,0
29203,Shannon,County,3876,758,3013,0,82,0,23,0,0,0,0,0,0,0
29205,Shelby,County,3329,576,2698,0,44,0,11,0,0,0,0,0,0,0
29207,Stoddard,County,13334,1855,11269,0,162,0,48,0,0,0,0,0,0,0
29209,Stone,County,18417,3399,14704,0,250,0,64,0,0,0,0,0,0,0
29211,Sullivan,County,2450,441,1985,0,18,0,6,0,0,0,0,0,0,0
29213,Taney,County,26154,5323,20221,0,481,0,128,0,0,0,0,1,0,0
29215,Texas,County,11276,1795,9239,0,196,0,46,0,0,0,0,0,0,0
29217,Vernon,County,9118,1889,7022,0,168,0,39,0,0,0,0,0,0,0
29219,Warren,County,18281,4920,12892,0,364,0,105,0,0,0,0,0,0,0
29221,Washington,County,9878,2121,7442,0,241,0,74,0,0,0,0,0,0,0
29223,Wayne,County,5813,900,4801,0,93,0,19,0,0,0,0,0,0,0
29225,Webster,County,18696,3577,14715,0,317,0,87,0,0,0,0,0,0,0
29227,Worth,County,1095,205,869,0,19,0,2,0,0,0,0,0,0,0
29229,Wright,County,8677,1181,7343,0,122,0,31,0,0,0,0,0,0,0
29510,St. Louis,City,133391,107296,23380,0,1611,0,1104,0,0,0,0,0,0,0
30001,Beaverhead,County,5656,1668,3779,0,209,0,0,0,0,0,0,0,0,0
30003,Big Horn,County,4794,2513,2078,0,203,0,0,0,0,0,0,0,0,0
30005,Blaine,County,3117,1619,1365,0,133,0,0,0,0,0,0,0,0,0
30007,Broadwater,County,4099,928,3032,0,139,0,0,0,0,0,0,0,0,0
30009,Carbon,County,7076,2498,4303,0,275,0,0,0,0,0,0,0,0,0
30011,Carter,County,857,91,748,0,18,0,0,0,0,0,0,0,0,0
30013,Cascade,County,39833,15922,22221,0,1689,0,0,0,0,1,0,0,0,0
30015,Chouteau,County,2972,1048,1816,0,108,0,0,0,0,0,0,0,0,0
30017,Custer,County,5870,1619,3971,0,279,0,0,0,0,1,0,0,0,0
30019,Daniels,County,1009,217,768,0,24,0,0,0,0,0,0,0,0,0
30021,Dawson,County,4826,1124,3524,0,178,0,0,0,0,0,0,0,0,0
30023,Deer Lodge,County,4873,2747,1881,0,245,0,0,0,0,0,0,0,0,0
30025,Fallon,County,1555,218,1288,0,49,0,0,0,0,0,0,0,0,0
30027,Fergus,County,6499,1567,4737,0,195,0,0,0,0,0,0,0,0,0
30029,Flathead,County,59825,20387,37213,0,2225,0,0,0,0,0,0,0,0,0
30031,Gallatin,County,70958,36788,31368,0,2800,0,0,0,0,2,0,0,0,0
30033,Garfield,County,813,48,751,0,14,0,0,0,0,0,0,0,0,0
30035,Glacier,County,5684,3730,1709,0,245,0,0,0,0,0,0,0,0,0
30037,Golden Valley,County,503,80,409,0,14,0,0,0,0,0,0,0,0,0
30039,Granite,County,2094,659,1348,0,87,0,0,0,0,0,0,0,0,0
30041,Hill,County,7182,3146,3642,0,393,0,0,0,0,1,0,0,0,0
30043,Jefferson,County,8171,2791,5097,0,281,0,0,0,0,2,0,0,0,0
30045,Judith Basin,County,1346,281,1017,0,48,0,0,0,0,0,0,0,0,0
30047,Lake,County,16592,6885,8913,0,791,0,0,0,0,3,0,0,0,0
30049,Lewis and Clark,County,42440,21022,19969,0,1448,0,0,0,0,1,0,0,0,0
30051,Liberty,County,1083,268,788,0,27,0,0,0,0,0,0,0,0,0
30053,Lincoln,County,11706,3001,8279,0,424,0,0,0,0,2,0,0,0,0
30055,McCone,County,1117,165,921,0,31,0,0,0,0,0,0,0,0,0
30057,Madison,County,6088,1877,3992,0,219,0,0,0,0,0,0,0,0,0
30059,Meagher,County,1112,256,823,0,33,0,0,0,0,0,0,0,0,0
30061,Mineral,County,2552,706,1715,0,131,0,0,0,0,0,0,0,0,0
30063,Missoula,County,71585,43426,25448,0,2706,0,0,0,0,5,0,0,0,0
30065,Musselshell,County,2870,450,2318,0,102,0,0,0,0,0,0,0,0,0
30067,Park,County,11580,5364,5798,0,418,0,0,0,0,0,0,0,0,0
30069,Petroleum,County,350,44,299,0,7,0,0,0,0,0,0,0,0,0
30071,Phillips,County,2373,412,1908,0,53,0,0,0,0,0,0,0,0,0
30073,Pondera,County,2997,912,1981,0,104,0,0,0,0,0,0,0,0,0
30075,Powder River,County,1129,162,943,0,24,0,0,0,0,0,0,0,0,0
30077,Powell,County,3187,849,2212,0,126,0,0,0,0,0,0,0,0,0
30079,Prairie,County,730,160,544,0,26,0,0,0,0,0,0,0,0,0
30081,Ravalli,County,28503,8883,18557,0,1063,0,0,0,0,0,0,0,0,0
30083,Richland,County,5754,1017,4506,0,231,0,0,0,0,0,0,0,0,0
30085,Roosevelt,County,4007,1961,1859,0,187,0,0,0,0,0,0,0,0,0
30087,Rosebud,County,3747,1236,2363,0,148,0,0,0,0,0,0,0,0,0
30089,Sanders,County,7586,1870,5346,0,370,0,0,0,0,0,0,0,0,0
30091,Sheridan,County,2016,634,1300,0,82,0,0,0,0,0,0,0,0,0
30093,Silver Bow,County,18773,11495,6490,0,788,0,0,0,0,0,0,0,0,0
30095,Stillwater,County,5726,1263,4292,0,171,0,0,0,0,0,0,0,0,0
30097,Sweet Grass,County,2448,553,1801,0,94,0,0,0,0,0,0,0,0,0
30099,Teton,County,3685,1053,2497,0,135,0,0,0,0,0,0,0,0,0
30101,Toole,County,2118,468,1546,0,101,0,0,0,0,3,0,0,0,0
30103,Treasure,County,460,89,358,0,13,0,0,0,0,0,0,0,0,0
30105,Valley,County,4248,1182,2899,0,167,0,0,0,0,0,0,0,0,0
30107,Wheatland,County,1060,251,767,0,42,0,0,0,0,0,0,0,0,0
30109,Wibaux,County,585,105,465,0,15,0,0,0,0,0,0,0,0,0
30111,Yellowstone,County,83789,31152,48586,0,4051,0,0,0,0,0,0,0,0,0
33001,Belknap,County,38103,9491,28074,0,500,0,0,0,38,0,0,0,0,0
33003,Carroll,County,32915,10428,22119,0,348,0,0,0,20,0,0,0,0,0
33005,Cheshire,County,43511,17973,24708,0,781,0,0,0,49,0,0,0,0,0
33007,Coos,County,16350,4666,11409,0,265,0,0,0,10,0,0,0,0,0
33009,Grafton,County,53078,23023,29174,0,838,0,0,0,43,0,0,0,0,0
33011,Hillsborough,County,226491,72614,150153,0,3524,0,0,0,200,0,0,0,0,0
33013,Merrimack,County,89089,31572,56266,0,1145,0,0,0,106,0,0,0,0,0
33015,Rockingham,County,196996,60232,134292,0,2337,0,0,0,135,0,0,0,0,0
33017,Strafford,County,72605,26791,44542,0,1205,0,0,0,67,0,0,0,0,0
33019,Sullivan,County,24122,7849,15872,0,386,0,0,0,15,0,0,0,0,0
37001,Alamance,County,85935,41979,42918,0,756,282,0,0,0,0,0,0,0,0
37003,Alexander,County,20187,4980,14980,0,152,75,0,0,0,0,0,0,0,0
37005,Alleghany,County,6084,1929,4085,0,47,23,0,0,0,0,0,0,0,0
37007,Anson,County,11206,6116,4977,0,75,38,0,0,0,0,0,0,0,0
37009,Ashe,County,15777,4967,10622,0,128,60,0,0,0,0,0,0,0,0
37011,Avery,County,9417,2407,6894,0,90,26,0,0,0,0,0,0,0,0
37013,Beaufort,County,26232,10291,15710,0,152,79,0,0,0,0,0,0,0,0
37015,Bertie,County,9788,6080,3654,0,41,13,0,0,0,0,0,0,0,0
37017,Bladen,County,17033,7784,9096,0,105,48,0,0,0,0,0,0,0,0
37019,Brunswick,County,89781,36818,51703,0,850,410,0,0,0,0,0,0,0,0
37021,Buncombe,County,160442,99395,58153,0,2272,622,0,0,0,0,0,0,0,0
37023,Burke,County,44459,15028,28898,0,364,169,0,0,0,0,0,0,0,0
37025,Cabarrus,County,116337,54665,59682,0,1484,506,0,0,0,0,0,0,0,0
37027,Caldwell,County,42673,11926,30234,0,368,145,0,0,0,0,0,0,0,0
37029,Camden,County,5913,1600,4200,0,87,26,0,0,0,0,0,0,0,0
37031,Carteret,County,42524,13293,28689,0,388,154,0,0,0,0,0,0,0,0
37033,Caswell,County,12020,5285,6634,0,69,32,0,0,0,0,0,0,0,0
37035,Catawba,County,83248,28267,53802,0,828,351,0,0,0,0,0,0,0,0
37037,Chatham,County,48544,28128,19937,0,364,115,0,0,0,0,0,0,0,0
37039,Cherokee,County,16351,3772,12349,0,171,59,0,0,0,0,0,0,0,0
37041,Chowan,County,7765,3399,4308,0,43,15,0,0,0,0,0,0,0,0
37043,Clay,County,6858,1761,4994,0,69,34,0,0,0,0,0,0,0,0
37045,Cleveland,County,51124,18549,32031,0,399,145,0,0,0,0,0,0,0,0
37047,Columbus,County,26245,10309,15713,0,139,84,0,0,0,0,0,0,0,0
37049,Craven,County,52856,22436,29614,0,584,222,0,0,0,0,0,0,0,0
37051,Cumberland,County,146493,88278,55197,0,2168,850,0,0,0,0,0,0,0,0
37053,Currituck,County,16025,4382,11293,0,255,95,0,0,0,0,0,0,0,0
37055,Dare,County,24020,10485,13151,0,290,94,0,0,0,0,0,0,0,0
37057,Davidson,County,88430,26598,60771,0,796,265,0,0,0,0,0,0,0,0
37059,Davie,County,25278,7904,17104,0,200,70,0,0,0,0,0,0,0,0
37061,Duplin,County,22640,9164,13295,0,119,62,0,0,0,0,0,0,0,0
37063,Durham,County,179595,147110,29989,0,1955,541,0,0,0,0,0,0,0,0
37065,Edgecombe,County,25449,16786,8487,0,108,68,0,0,0,0,0,0,0,0
37067,Forsyth,County,200324,118663,78475,0,2345,841,0,0,0,0,0,0,0,0
37069,Franklin,County,37345,17427,19400,0,385,133,0,0,0,0,0,0,0,0
37071,Gaston,County,114919,44074,69158,0,1213,474,0,0,0,0,0,0,0,0
37073,Gates,County,5933,2679,3163,0,52,39,0,0,0,0,0,0,0,0
37075,Graham,County,4644,1104,3489,0,36,15,0,0,0,0,0,0,0,0
37077,Granville,County,31548,15756,15411,0,281,100,0,0,0,0,0,0,0,0
37079,Greene,County,8735,3991,4678,0,44,22,0,0,0,0,0,0,0,0
37081,Guilford,County,282592,180160,97973,0,3305,1154,0,0,0,0,0,0,0,0
37083,Halifax,County,25698,16098,9403,0,132,65,0,0,0,0,0,0,0,0
37085,Harnett,County,58082,23987,33049,0,771,275,0,0,0,0,0,0,0,0
37087,Haywood,County,36459,14779,21185,0,374,121,0,0,0,0,0,0,0,0
37089,Henderson,County,68190,29144,38028,0,758,260,0,0,0,0,0,0,0,0
37091,Hertford,County,10568,7212,3282,0,49,25,0,0,0,0,0,0,0,0
37093,Hoke,County,21528,12597,8475,0,344,112,0,0,0,0,0,0,0,0
37095,Hyde,County,2483,1111,1351,0,15,6,0,0,0,0,0,0,0,0
37097,Iredell,County,101997,36375,63962,0,1227,433,0,0,0,0,0,0,0,0
37099,Jackson,County,21346,10406,10519,0,320,101,0,0,0,0,0,0,0,0
37101,Johnston,County,111074,45165,64310,0,1137,462,0,0,0,0,0,0,0,0
37103,Jones,County,5512,2333,3128,0,35,16,0,0,0,0,0,0,0,0
37105,Lee,County,28861,13522,14937,0,285,117,0,0,0,0,0,0,0,0
37107,Lenoir,County,28348,14208,13906,0,176,58,0,0,0,0,0,0,0,0
37109,Lincoln,County,50108,14730,34711,0,449,218,0,0,0,0,0,0,0,0
37111,McDowell,County,22900,6851,15761,0,203,85,0,0,0,0,0,0,0,0
37113,Macon,County,20684,7062,13333,0,200,89,0,0,0,0,0,0,0,0
37115,Madison,County,13051,5489,7352,0,154,56,0,0,0,0,0,0,0,0
37117,Martin,County,12513,6277,6154,0,52,30,0,0,0,0,0,0,0,0
37119,Mecklenburg,County,564433,382726,171123,0,8145,2439,0,0,0,0,0,0,0,0
37121,Mitchell,County,9001,2090,6827,0,59,25,0,0,0,0,0,0,0,0
37123,Montgomery,County,12826,5069,7622,0,96,39,0,0,0,0,0,0,0,0
37125,Moore,County,58127,22974,34311,0,610,232,0,0,0,0,0,0,0,0
37127,Nash,County,52194,27692,24062,0,306,134,0,0,0,0,0,0,0,0
37129,New Hanover,County,131276,69554,59305,0,1845,572,0,0,0,0,0,0,0,0
37131,Northampton,County,10084,6313,3689,0,52,30,0,0,0,0,0,0,0,0
37133,Onslow,County,71478,25653,43838,0,1454,533,0,0,0,0,0,0,0,0
37135,Orange,County,84815,65042,18810,0,787,176,0,0,0,0,0,0,0,0
37137,Pamlico,County,7626,2881,4672,0,48,25,0,0,0,0,0,0,0,0
37139,Pasquotank,County,19811,10061,9449,0,207,94,0,0,0,0,0,0,0,0
37141,Pender,County,34005,12599,20854,0,398,154,0,0,0,0,0,0,0,0
37143,Perquimans,County,7471,2637,4756,0,58,20,0,0,0,0,0,0,0,0
37145,Person,County,21809,9301,12296,0,142,70,0,0,0,0,0,0,0,0
37147,Pitt,County,87388,48995,37210,0,898,285,0,0,0,0,0,0,0,0
37149,Polk,County,12299,4863,7280,0,114,42,0,0,0,0,0,0,0,0
37151,Randolph,County,72913,18929,53176,0,555,253,0,0,0,0,0,0,0,0
37153,Richmond,County,20631,9622,10740,0,183,86,0,0,0,0,0,0,0,0
37155,Robeson,County,46590,22281,23888,0,280,141,0,0,0,0,0,0,0,0
37157,Rockingham,County,47652,18197,28891,0,415,149,0,0,0,0,0,0,0,0
37159,Rowan,County,73219,25473,46676,0,750,320,0,0,0,0,0,0,0,0
37161,Rutherford,County,34276,10469,23437,0,249,121,0,0,0,0,0,0,0,0
37163,Sampson,County,28538,11890,16404,0,174,70,0,0,0,0,0,0,0,0
37165,Scotland,County,14647,7671,6821,0,94,61,0,0,0,0,0,0,0,0
37167,Stanly,County,33816,9413,24022,0,264,117,0,0,0,0,0,0,0,0
37169,Stokes,County,25682,6567,18850,0,200,65,0,0,0,0,0,0,0,0
37171,Surry,County,36599,10872,25366,0,265,96,0,0,0,0,0,0,0,0
37173,Swain,County,7029,3043,3847,0,107,32,0,0,0,0,0,0,0,0
37175,Transylvania,County,20325,9226,10800,0,230,69,0,0,0,0,0,0,0,0
37177,Tyrrell,County,1802,811,975,0,9,7,0,0,0,0,0,0,0,0
37179,Union,County,130471,51306,77305,0,1371,489,0,0,0,0,0,0,0,0
37181,Vance,County,20950,13160,7608,0,130,52,0,0,0,0,0,0,0,0
37183,Wake,County,629673,410386,209183,0,7928,2176,0,0,0,0,0,0,0,0
37185,Warren,County,10295,6716,3497,0,61,21,0,0,0,0,0,0,0,0
37187,Washington,County,6191,3531,2623,0,24,13,0,0,0,0,0,0,0,0
37189,Watauga,County,32040,17642,13790,0,482,126,0,0,0,0,0,0,0,0
37191,Wayne,County,55316,25589,29056,0,447,224,0,0,0,0,0,0,0,0
37193,Wilkes,County,35350,9537,25469,0,250,94,0,0,0,0,0,0,0,0
37195,Wilson,County,40685,22014,18305,0,262,104,0,0,0,0,0,0,0,0
37197,Yadkin,County,19900,4777,14910,0,159,54,0,0,0,0,0,0,0,0
37199,Yancey,County,11374,4147,7105,0,83,39,0,0,0,0,0,0,0,0
38001,Adams,County,1260,163,1000,0,40,0,0,0,57,0,0,0,0,0
38003,Barnes,County,5516,1366,3775,0,173,0,0,0,202,0,0,0,0,0
38005,Benson,County,1952,708,1098,0,61,0,0,0,85,0,0,0,0,0
38007,Billings,County,629,57,442,0,28,0,0,0,102,0,0,0,0,0
38009,Bottineau,County,3445,588,2653,0,93,0,0,0,111,0,0,0,0,0
38011,Bowman,County,1636,171,1254,0,53,0,0,0,158,0,0,0,0,0
38013,Burke,County,1142,129,860,0,43,0,0,0,110,0,0,0,0,0
38015,Burleigh,County,50003,12064,31067,0,2385,0,0,0,4487,0,0,0,0,0
38017,Cass,County,85392,31055,50649,0,2737,0,0,0,951,0,0,0,0,0
38019,Cavalier,County,2011,343,1551,0,55,0,0,0,62,0,0,0,0,0
38021,Dickey,County,2422,479,1791,0,72,0,0,0,80,0,0,0,0,0
38023,Divide,County,1196,200,918,0,40,0,0,0,38,0,0,0,0,0
38025,Dunn,County,2310,280,1711,0,99,0,0,0,220,0,0,0,0,0
38027,Eddy,County,1253,307,847,0,37,0,0,0,62,0,0,0,0,0
38029,Emmons,County,1956,225,1375,0,98,0,0,0,258,0,0,0,0,0
38031,Foster,County,1757,290,1317,0,58,0,0,0,92,0,0,0,0,0
38033,Golden Valley,County,1014,105,792,0,46,0,0,0,71,0,0,0,0,0
38035,Grand Forks,County,30506,10006,19150,0,955,0,0,0,395,0,0,0,0,0
38037,Grant,County,1372,171,964,0,71,0,0,0,166,0,0,0,0,0
38039,Griggs,County,1241,247,924,0,33,0,0,0,37,0,0,0,0,0
38041,Hettinger,County,1288,153,923,0,65,0,0,0,147,0,0,0,0,0
38043,Kidder,County,1442,215,928,0,75,0,0,0,224,0,0,0,0,0
38045,LaMoure,County,2207,391,1666,0,69,0,0,0,81,0,0,0,0,0
38047,Logan,County,1059,109,739,0,54,0,0,0,157,0,0,0,0,0
38049,McHenry,County,2975,447,2211,0,136,0,0,0,181,0,0,0,0,0
38051,McIntosh,County,1438,201,1109,0,64,0,0,0,64,0,0,0,0,0
38053,McKenzie,County,5341,659,4305,0,192,0,0,0,185,0,0,0,0,0
38055,McLean,County,5444,1094,3466,0,305,0,0,0,579,0,0,0,0,0
38057,Mercer,County,4614,591,3352,0,175,0,0,0,496,0,0,0,0,0
38059,Morton,County,16346,3341,10254,0,865,0,0,0,1886,0,0,0,0,0
38061,Mountrail,County,4123,1072,2691,0,170,0,0,0,190,0,0,0,0,0
38063,Nelson,County,1777,504,1192,0,40,0,0,0,41,0,0,0,0,0
38065,Oliver,County,1046,123,741,0,44,0,0,0,138,0,0,0,0,0
38067,Pembina,County,3300,625,2451,0,91,0,0,0,133,0,0,0,0,0
38069,Pierce,County,2108,373,1522,0,61,0,0,0,152,0,0,0,0,0
38071,Ramsey,County,5364,1239,3761,0,181,0,0,0,183,0,0,0,0,0
38073,Ransom,County,2445,693,1603,0,97,0,0,0,52,0,0,0,0,0
38075,Renville,County,1314,168,1064,0,43,0,0,0,39,0,0,0,0,0
38077,Richland,County,7759,1963,5458,0,236,0,0,0,102,0,0,0,0,0
38079,Rolette,County,3766,2151,1496,0,80,0,0,0,39,0,0,0,0,0
38081,Sargent,County,2060,571,1414,0,53,0,0,0,22,0,0,0,0,0
38083,Sheridan,County,795,101,516,0,43,0,0,0,135,0,0,0,0,0
38085,Sioux,County,1177,667,340,0,77,0,0,0,93,0,0,0,0,0
38087,Slope,County,425,40,329,0,16,0,0,0,40,0,0,0,0,0
38089,Stark,County,14820,1977,10499,0,754,0,0,0,1590,0,0,0,0,0
38091,Steele,County,1088,333,714,0,24,0,0,0,17,0,0,0,0,0
38093,Stutsman,County,9785,1992,7071,0,395,0,0,0,327,0,0,0,0,0
38095,Towner,County,1167,234,861,0,30,0,0,0,42,0,0,0,0,0
38097,Traill,County,4122,1201,2755,0,96,0,0,0,70,0,0,0,0,0
38099,Walsh,County,4744,975,3461,0,120,0,0,0,188,0,0,0,0,0
38101,Ward,County,27991,5587,20295,0,1262,0,0,0,847,0,0,0,0,0
38103,Wells,County,2342,356,1606,0,98,0,0,0,282,0,0,0,0,0
38105,Williams,County,13974,1689,10548,0,665,0,0,0,1072,0,0,0,0,0
49001,Beaver,County,2964,291,2468,0,102,0,0,48,0,54,0,1,0,0
49003,Box Elder,County,26549,3507,20642,0,1038,0,0,553,0,787,0,20,2,0
49005,Cache,County,56560,12943,39952,0,1948,0,0,835,0,882,0,0,0,0
49007,Carbon,County,9023,2091,6506,0,271,0,0,155,0,0,0,0,0,0
49009,Daggett,County,591,91,469,0,10,0,0,15,0,5,0,1,0,0
49011,Davis,County,168353,41101,115501,0,6018,0,0,4374,0,1193,16,148,2,0
49013,Duchesne,County,8246,739,6096,0,308,0,0,210,0,878,0,15,0,0
49015,Emery,County,4731,489,3918,0,105,0,0,88,0,130,0,1,0,0
49017,Garfield,County,2645,428,2123,0,73,0,0,21,0,0,0,0,0,0
49019,Grand,County,5052,2499,2303,0,158,0,0,56,0,35,0,1,0,0
49021,Iron,County,24116,3854,17650,0,1425,0,0,644,0,504,0,39,0,0
49023,Juab,County,5736,470,4606,0,211,0,0,219,0,208,1,21,0,0
49025,Kane,County,4020,918,2802,0,140,0,0,71,0,85,0,4,0,0
49027,Millard,County,5992,519,4528,0,183,0,0,168,0,592,0,2,0,0
49029,Morgan,County,6400,770,5190,0,229,0,0,122,0,85,0,4,0,0
49031,Piute,County,830,65,672,0,36,0,0,27,0,30,0,0,0,0
49033,Rich,County,1334,158,1081,0,28,0,0,16,0,51,0,0,0,0
49035,Salt Lake,County,528966,238249,266177,0,16001,0,0,6137,0,2193,53,153,3,0
49037,San Juan,County,6580,2642,3477,0,258,0,0,135,0,61,0,7,0,0
49039,Sanpete,County,12454,1012,10326,0,363,0,0,388,0,348,1,16,0,0
49041,Sevier,County,10147,882,8364,0,288,0,0,271,0,332,1,9,0,0
49043,Summit,County,25301,13066,11290,0,587,0,0,205,0,145,0,8,0,0
49045,Tooele,County,30649,7058,21293,0,1383,0,0,662,0,232,5,16,0,0
49047,Uintah,County,14838,1482,10290,0,509,0,0,367,0,2052,116,21,1,0
49049,Utah,County,281498,52524,208514,0,10798,0,0,5355,0,4065,14,225,3,0
49051,Wasatch,County,17293,4911,11472,0,509,0,0,202,0,189,2,8,0,0
49053,Washington,County,87862,16698,61125,0,4432,0,0,2520,0,2986,6,94,1,0
49055,Wayne,County,1581,321,1115,0,55,0,0,46,0,44,0,0,0,0
49057,Weber,County,108567,32976,68804,0,3927,0,0,1900,0,822,15,123,0,0
50001,Addison,County,21867,6218,15034,125,0,0,0,0,85,58,36,50,171,90
50003,Bennington,County,20007,5846,12053,1313,0,0,0,0,62,59,58,60,198,358
50005,Caledonia,County,15973,3471,11701,224,0,0,0,0,102,40,120,77,175,63
50007,Chittenden,County,97615,30541,64912,402,0,0,0,0,261,314,163,155,567,300
50009,Essex,County,3181,551,2408,62,0,0,0,0,25,14,50,18,38,15
50011,Franklin,County,25649,4251,20095,268,0,0,0,0,127,405,90,59,258,96
50013,Grand Isle,County,4824,924,3755,26,0,0,0,0,8,39,8,7,44,13
50015,Lamoille,County,14816,3639,10695,103,0,0,0,0,82,38,42,40,127,50
50017,Orange,County,16999,4132,12174,222,0,0,0,0,92,53,40,78,140,68
50019,Orleans,County,13851,2690,10291,252,0,0,0,0,140,40,220,32,141,45
50021,Rutland,County,33530,7129,24588,582,0,0,0,0,287,110,105,127,379,223
50023,Washington,County,35016,9833,24188,247,0,0,0,0,144,70,48,113,276,97
50025,Windham,County,25499,10308,13781,334,0,0,0,0,55,98,75,81,594,173
50027,Windsor,County,33884,9681,22737,416,0,0,0,0,129,93,105,140,397,186
53001,Adams,County,5840,1655,4170,0,0,0,0,0,15,0,0,0,0,0
53003,Asotin,County,11869,4212,7627,0,0,0,0,0,30,0,0,0,0,0
53005,Benton,County,102519,36939,65170,0,0,0,0,0,410,0,0,0,0,0
53007,Chelan,County,43046,17922,24936,0,0,0,0,0,188,0,0,0,0,0
53009,Clallam,County,49088,24366,24640,0,0,0,0,0,82,0,0,0,0,0
53011,Clark,County,271895,138196,132984,0,0,0,0,0,715,0,0,0,0,0
53013,Columbia,County,2475,652,1819,0,0,0,0,0,4,0,0,0,0,0
53015,Cowlitz,County,59859,22213,37453,0,0,0,0,0,193,0,0,0,0,0
53017,Douglas,County,21224,7176,13958,0,0,0,0,0,90,0,0,0,0,0
53019,Ferry,County,4368,1345,3000,0,0,0,0,0,23,0,0,0,0,0
53021,Franklin,County,32387,12803,19488,0,0,0,0,0,96,0,0,0,0,0
53023,Garfield,County,1478,349,1118,0,0,0,0,0,11,0,0,0,0,0
53025,Grant,County,37526,10772,26645,0,0,0,0,0,109,0,0,0,0,0
53027,Grays Harbor,County,38307,16502,21686,0,0,0,0,0,119,0,0,0,0,0
53029,Island,County,53537,28239,25145,0,0,0,0,0,153,0,0,0,0,0
53031,Jefferson,County,24702,16992,7651,0,0,0,0,0,59,0,0,0,0,0
53033,King,County,1198049,887374,307022,0,0,0,0,0,3653,0,0,0,0,0
53035,Kitsap,County,157584,87766,69288,0,0,0,0,0,530,0,0,0,0,0
53037,Kittitas,County,26183,10529,15567,0,0,0,0,0,87,0,0,0,0,0
53039,Klickitat,County,13455,5693,7735,0,0,0,0,0,27,0,0,0,0,0
53041,Lewis,County,45249,13821,31306,0,0,0,0,0,122,0,0,0,0,0
53043,Lincoln,County,7002,1526,5450,0,0,0,0,0,26,0,0,0,0,0
53045,Mason,County,37168,16502,20562,0,0,0,0,0,104,0,0,0,0,0
53047,Okanogan,County,21195,8298,12843,0,0,0,0,0,54,0,0,0,0,0
53049,Pacific,County,14018,6514,7463,0,0,0,0,0,41,0,0,0,0,0
53051,Pend Oreille,County,8503,2513,5959,0,0,0,0,0,31,0,0,0,0,0
53053,Pierce,County,460731,238097,220904,0,0,0,0,0,1730,0,0,0,0,0
53055,San Juan,County,13109,9621,3465,0,0,0,0,0,23,0,0,0,0,0
53057,Skagit,County,73079,36444,36404,0,0,0,0,0,231,0,0,0,0,0
53059,Skamania,County,7260,3129,4116,0,0,0,0,0,15,0,0,0,0,0
53061,Snohomish,County,436280,244876,189797,0,0,0,0,0,1607,0,0,0,0,0
53063,Spokane,County,293925,131734,161138,0,0,0,0,0,1053,0,0,0,0,0
53065,Stevens,County,28371,7393,20902,0,0,0,0,0,76,0,0,0,0,0
53067,Thurston,County,166800,93723,72506,0,0,0,0,0,571,0,0,0,0,0
53069,Wahkiakum,County,2970,1102,1862,0,0,0,0,0,6,0,0,0,0,0
53071,Walla Walla,County,30989,13305,17590,0,0,0,0,0,94,0,0,0,0,0
53073,Whatcom,County,137935,81992,55544,0,0,0,0,0,399,0,0,0,0,0
53075,Whitman,County,20934,10806,10056,0,0,0,0,0,72,0,0,0,0,0
53077,Yakima,County,95545,41152,54097,0,0,0,0,0,296,0,0,0,0,0
54001,Barbour,County,6552,1419,4783,0,276,0,74,0,0,0,0,0,0,0
54003,Berkeley,County,47897,15253,28841,0,1798,0,2005,0,0,0,0,0,0,0
54005,Boone,County,8840,2829,5765,0,151,0,95,0,0,0,0,0,0,0
54007,Braxton,County,5545,1492,3799,0,184,0,70,0,0,0,0,0,0,0
54009,Brooke,County,10409,2964,6840,0,437,0,168,0,0,0,0,0,0,0
54011,Cabell,County,36185,14151,20750,0,923,0,361,0,0,0,0,0,0,0
54013,Calhoun,County,2886,632,2141,0,76,0,37,0,0,0,0,0,0,0
54015,Clay,County,3218,734,2370,0,78,0,36,0,0,0,0,0,0,0
54017,Doddridge,County,2964,473,2330,0,110,0,51,0,0,0,0,0,0,0
54019,Fayette,County,16214,5587,10076,0,357,0,194,0,0,0,0,0,0,0
54021,Gilmer,County,2580,623,1773,0,139,0,45,0,0,0,0,0,0,0
54023,Grant,County,5157,609,4302,0,136,0,110,0,0,0,0,0,0,0
54025,Greenbrier,County,15495,4053,10973,0,309,0,160,0,0,0,0,0,0,0
54027,Hampshire,County,9493,1835,7111,0,261,0,286,0,0,0,0,0,0,0
54029,Hancock,County,13511,3868,8995,0,444,0,204,0,0,0,0,0,0,0
54031,Hardy,County,6120,1471,4364,0,160,0,125,0,0,0,0,0,0,0
54033,Harrison,County,29537,8778,19074,0,1343,0,342,0,0,0,0,0,0,0
54035,Jackson,County,12751,3418,8932,0,280,0,121,0,0,0,0,0,0,0
54037,Jefferson,County,26818,10563,14010,0,691,0,1554,0,0,0,0,0,0,0
54039,Kanawha,County,80503,37101,41310,0,1535,0,557,0,0,0,0,0,0,0
54041,Lewis,County,7325,1393,5407,0,448,0,77,0,0,0,0,0,0,0
54043,Lincoln,County,7578,2164,5265,0,96,0,53,0,0,0,0,0,0,0
54045,Logan,County,12745,3052,9436,0,161,0,96,0,0,0,0,0,0,0
54047,McDowell,County,6280,1321,4861,0,55,0,43,0,0,0,0,0,0,0
54049,Marion,County,25340,8632,15253,0,1135,0,320,0,0,0,0,0,0,0
54051,Marshall,County,13803,3839,9324,0,450,0,190,0,0,0,0,0,0,0
54053,Mason,County,10805,2898,7519,0,262,0,126,0,0,0,0,0,0,0
54055,Mercer,County,24244,5052,18340,0,571,0,281,0,0,0,0,0,0,0
54057,Mineral,County,12589,2412,9535,0,385,0,257,0,0,0,0,0,0,0
54059,Mingo,County,9684,2022,7454,0,127,0,81,0,0,0,0,0,0,0
54061,Monongalia,County,41294,19460,19854,0,1557,0,423,0,0,0,0,0,0,0
54063,Monroe,County,6223,1284,4764,0,110,0,65,0,0,0,0,0,0,0
54065,Morgan,County,8347,1850,5948,0,232,0,317,0,0,0,0,0,0,0
54067,Nicholas,County,10219,2414,7518,0,186,0,101,0,0,0,0,0,0,0
54069,Ohio,County,19654,6984,11775,0,718,0,177,0,0,0,0,0,0,0
54071,Pendleton,County,3583,774,2664,0,96,0,49,0,0,0,0,0,0,0
54073,Pleasants,County,3392,670,2596,0,79,0,47,0,0,0,0,0,0,0
54075,Pocahontas,County,3851,965,2737,0,97,0,52,0,0,0,0,0,0,0
54077,Preston,County,14008,3240,10023,0,534,0,211,0,0,0,0,0,0,0
54079,Putnam,County,26950,8831,17251,0,656,0,212,0,0,0,0,0,0,0
54081,Raleigh,County,32133,8962,22259,0,615,0,297,0,0,0,0,0,0,0
54083,Randolph,County,11718,3349,7915,0,372,0,82,0,0,0,0,0,0,0
54085,Ritchie,County,4082,665,3234,0,123,0,60,0,0,0,0,0,0,0
54087,Roane,County,5660,1473,4007,0,131,0,49,0,0,0,0,0,0,0
54089,Summers,County,5431,1502,3773,0,98,0,58,0,0,0,0,0,0,0
54091,Taylor,County,7192,1769,5058,0,295,0,70,0,0,0,0,0,0,0
54093,Tucker,County,3751,944,2628,0,141,0,38,0,0,0,0,0,0,0
54095,Tyler,County,3766,745,2746,0,217,0,58,0,0,0,0,0,0,0
54097,Upshur,County,9930,1915,6951,0,994,0,70,0,0,0,0,0,0,0
54099,Wayne,County,16180,4548,11079,0,402,0,151,0,0,0,0,0,0,0
54101,Webster,County,3339,659,2552,0,88,0,40,0,0,0,0,0,0,0
54103,Wetzel,County,6553,1727,4559,0,180,0,87,0,0,0,0,0,0,0
54105,Wirt,County,2544,483,1947,0,71,0,43,0,0,0,0,0,0,0
54107,Wood,County,37616,9933,26232,0,1071,0,380,0,0,0,0,0,0,0
54109,Wyoming,County,8320,1240,6941,0,86,0,53,0,0,0,0,0,0,0
